{
  "tds_comparisons": {
    "Visual vs Somatomotor": {
      "difference": -0.07235029122709358,
      "p_value_permutation": 0.2806,
      "p_value_ttest": 0.35771827774185216,
      "cohens_d": -0.7042595999424187,
      "effect_size_interpretation": "medium",
      "Visual_mean": 0.8152628088467779,
      "Somatomotor_mean": 0.8876131000738715,
      "p_value_fdr_corrected": 0.36828750000000005,
      "significant_fdr": false
    },
    "Visual vs DorsalAttention": {
      "difference": -0.1162159540217157,
      "p_value_permutation": 0.3762,
      "p_value_ttest": 0.34374088740082365,
      "cohens_d": -0.7266699430488309,
      "effect_size_interpretation": "medium",
      "Visual_mean": 0.8152628088467779,
      "DorsalAttention_mean": 0.9314787628684936,
      "p_value_fdr_corrected": 0.4647176470588235,
      "significant_fdr": false
    },
    "Visual vs VentralAttention": {
      "difference": 0.17337863574537882,
      "p_value_permutation": 0.025,
      "p_value_ttest": 0.028121542902230835,
      "cohens_d": 2.035238860410038,
      "effect_size_interpretation": "large",
      "Visual_mean": 0.8152628088467779,
      "VentralAttention_mean": 0.6418841731013991,
      "p_value_fdr_corrected": 0.07455,
      "significant_fdr": false
    },
    "Visual vs Limbic": {
      "difference": -0.13389384395827675,
      "p_value_permutation": 0.1374,
      "p_value_ttest": 0.09244712223948177,
      "cohens_d": -1.4140986762863077,
      "effect_size_interpretation": "large",
      "Visual_mean": 0.8152628088467779,
      "Limbic_mean": 0.9491566528050547,
      "p_value_fdr_corrected": 0.22195384615384614,
      "significant_fdr": false
    },
    "Visual vs Frontoparietal": {
      "difference": -0.3817168805331932,
      "p_value_permutation": 0.0284,
      "p_value_ttest": 0.001082612961937283,
      "cohens_d": -4.1500288902506615,
      "effect_size_interpretation": "large",
      "Visual_mean": 0.8152628088467779,
      "Frontoparietal_mean": 1.1969796893799711,
      "p_value_fdr_corrected": 0.07455,
      "significant_fdr": false
    },
    "Visual vs Default": {
      "difference": 0.03881982377351867,
      "p_value_permutation": 0.5462,
      "p_value_ttest": 0.4676944317351439,
      "cohens_d": 0.5481095235883767,
      "effect_size_interpretation": "medium",
      "Visual_mean": 0.8152628088467779,
      "Default_mean": 0.7764429850732593,
      "p_value_fdr_corrected": 0.6036947368421053,
      "significant_fdr": false
    },
    "Somatomotor vs DorsalAttention": {
      "difference": -0.04386566279462212,
      "p_value_permutation": 0.7104,
      "p_value_ttest": 0.7269204583666378,
      "cohens_d": -0.258803877463988,
      "effect_size_interpretation": "small",
      "Somatomotor_mean": 0.8876131000738715,
      "DorsalAttention_mean": 0.9314787628684936,
      "p_value_fdr_corrected": 0.74592,
      "significant_fdr": false
    },
    "Somatomotor vs VentralAttention": {
      "difference": 0.2457289269724724,
      "p_value_permutation": 0.027,
      "p_value_ttest": 0.014382643415370423,
      "cohens_d": 2.408670292045565,
      "effect_size_interpretation": "large",
      "Somatomotor_mean": 0.8876131000738715,
      "VentralAttention_mean": 0.6418841731013991,
      "p_value_fdr_corrected": 0.07455,
      "significant_fdr": false
    },
    "Somatomotor vs Limbic": {
      "difference": -0.06154355273118317,
      "p_value_permutation": 0.4686,
      "p_value_ttest": 0.45921593682818185,
      "cohens_d": -0.5591182984920982,
      "effect_size_interpretation": "medium",
      "Somatomotor_mean": 0.8876131000738715,
      "Limbic_mean": 0.9491566528050547,
      "p_value_fdr_corrected": 0.5467,
      "significant_fdr": false
    },
    "Somatomotor vs Frontoparietal": {
      "difference": -0.3093665893060996,
      "p_value_permutation": 0.0252,
      "p_value_ttest": 0.006648456760334174,
      "cohens_d": -2.871046013884466,
      "effect_size_interpretation": "large",
      "Somatomotor_mean": 0.8876131000738715,
      "Frontoparietal_mean": 1.1969796893799711,
      "p_value_fdr_corrected": 0.07455,
      "significant_fdr": false
    },
    "Somatomotor vs Default": {
      "difference": 0.11117011500061225,
      "p_value_permutation": 0.1993,
      "p_value_ttest": 0.13256513873011674,
      "cohens_d": 1.2301545053184435,
      "effect_size_interpretation": "large",
      "Somatomotor_mean": 0.8876131000738715,
      "Default_mean": 0.7764429850732593,
      "p_value_fdr_corrected": 0.28686,
      "significant_fdr": false
    },
    "DorsalAttention vs VentralAttention": {
      "difference": 0.2895945897670945,
      "p_value_permutation": 0.0849,
      "p_value_ttest": 0.04244016199220008,
      "cohens_d": 1.8159607162223936,
      "effect_size_interpretation": "large",
      "DorsalAttention_mean": 0.9314787628684936,
      "VentralAttention_mean": 0.6418841731013991,
      "p_value_fdr_corrected": 0.148575,
      "significant_fdr": false
    },
    "DorsalAttention vs Limbic": {
      "difference": -0.017677889936561053,
      "p_value_permutation": 0.8919,
      "p_value_ttest": 0.884353768923214,
      "cohens_d": -0.10730745895440369,
      "effect_size_interpretation": "negligible",
      "DorsalAttention_mean": 0.9314787628684936,
      "Limbic_mean": 0.9491566528050547,
      "p_value_fdr_corrected": 0.8919,
      "significant_fdr": false
    },
    "DorsalAttention vs Frontoparietal": {
      "difference": -0.2655009265114775,
      "p_value_permutation": 0.043,
      "p_value_ttest": 0.061042081086075145,
      "cohens_d": -1.6268387436559772,
      "effect_size_interpretation": "large",
      "DorsalAttention_mean": 0.9314787628684936,
      "Frontoparietal_mean": 1.1969796893799711,
      "p_value_fdr_corrected": 0.10033333333333333,
      "significant_fdr": false
    },
    "DorsalAttention vs Default": {
      "difference": 0.15503577779523436,
      "p_value_permutation": 0.2049,
      "p_value_ttest": 0.19999628188205443,
      "cohens_d": 1.018070756343269,
      "effect_size_interpretation": "large",
      "DorsalAttention_mean": 0.9314787628684936,
      "Default_mean": 0.7764429850732593,
      "p_value_fdr_corrected": 0.28686,
      "significant_fdr": false
    },
    "VentralAttention vs Limbic": {
      "difference": -0.30727247970365557,
      "p_value_permutation": 0.0248,
      "p_value_ttest": 0.0035878282558131475,
      "cohens_d": -3.2719938105256476,
      "effect_size_interpretation": "large",
      "VentralAttention_mean": 0.6418841731013991,
      "Limbic_mean": 0.9491566528050547,
      "p_value_fdr_corrected": 0.07455,
      "significant_fdr": false
    },
    "VentralAttention vs Frontoparietal": {
      "difference": -0.555095516278572,
      "p_value_permutation": 0.028,
      "p_value_ttest": 0.00013508845858099442,
      "cohens_d": -6.08782472798081,
      "effect_size_interpretation": "large",
      "VentralAttention_mean": 0.6418841731013991,
      "Frontoparietal_mean": 1.1969796893799711,
      "p_value_fdr_corrected": 0.07455,
      "significant_fdr": false
    },
    "VentralAttention vs Default": {
      "difference": -0.13455881197186015,
      "p_value_permutation": 0.0148,
      "p_value_ttest": 0.03432874900958419,
      "cohens_d": -1.928181089342548,
      "effect_size_interpretation": "large",
      "VentralAttention_mean": 0.6418841731013991,
      "Default_mean": 0.7764429850732593,
      "p_value_fdr_corrected": 0.07455,
      "significant_fdr": false
    },
    "Limbic vs Frontoparietal": {
      "difference": -0.24782303657491644,
      "p_value_permutation": 0.0606,
      "p_value_ttest": 0.012812895316538396,
      "cohens_d": -2.4754835491710234,
      "effect_size_interpretation": "large",
      "Limbic_mean": 0.9491566528050547,
      "Frontoparietal_mean": 1.1969796893799711,
      "p_value_fdr_corrected": 0.11569090909090908,
      "significant_fdr": false
    },
    "Limbic vs Default": {
      "difference": 0.17271366773179542,