{
  "subject_results": {
    "sub-01": {
      "Visual": {
        "degree_centrality": {
          "mean": 0.09693026359693026,
          "std": 0.04614700262254449
        },
        "betweenness_centrality": {
          "mean": 0.001058485123492807,
          "std": 0.0015790359060511043
        },
        "participation_coefficient": {
          "mean": 0.6198176490034406,
          "std": 0.15032452486870657
        },
        "within_module_z": {
          "mean": 8.881784197001253e-17,
          "std": 0.9999999999944401
        },
        "n_provincial_hubs": 0,
        "n_connector_hubs": 22,
        "hub_ratio": 0.18333333333333332
      },
      "Somatomotor": {
        "degree_centrality": {
          "mean": 0.112004862004862,
          "std": 0.05351373879692126
        },
        "betweenness_centrality": {
          "mean": 0.0012591226742261017,
          "std": 0.0012367623625610497
        },
        "participation_coefficient": {
          "mean": 0.6985543214354328,
          "std": 0.09584040958338653
        },
        "within_module_z": {
          "mean": -9.516197353929913e-17,
          "std": 0.9999999999935386
        },
        "n_provincial_hubs": 0,
        "n_connector_hubs": 19,
        "hub_ratio": 0.1357142857142857
      },
      "DorsalAttention": {
        "degree_centrality": {
          "mean": 0.060230230230230226,
          "std": 0.04083030320983122
        },
        "betweenness_centrality": {
          "mean": 0.0008304101012759039,
          "std": 0.0007972248016768786
        },
        "participation_coefficient": {
          "mean": 0.5902721219835033,
          "std": 0.23566254335144476
        },
        "within_module_z": {
          "mean": 1.2878587085651815e-16,
          "std": 0.9999999999900511
        },
        "n_provincial_hubs": 0,
        "n_connector_hubs": 16,
        "hub_ratio": 0.16
      },
      "VentralAttention": {
        "degree_centrality": {
          "mean": 0.1361661661661662,
          "std": 0.05112567021051944
        },
        "betweenness_centrality": {
          "mean": 0.001388506896051819,
          "std": 0.0011956436009312656
        },
        "participation_coefficient": {
          "mean": 0.7404316673078949,
          "std": 0.05877547498451529
        },
        "within_module_z": {
          "mean": -2.831068712794149e-16,
          "std": 0.9999999999919298
        },
        "n_provincial_hubs": 0,
        "n_connector_hubs": 12,
        "hub_ratio": 0.12
      },
      "Limbic": {
        "degree_centrality": {
          "mean": 0.10729300729300728,
          "std": 0.04940389213995874
        },
        "betweenness_centrality": {
          "mean": 0.0012677354134378869,
          "std": 0.001288526829588046
        },
        "participation_coefficient": {
          "mean": 0.7373886070929734,
          "std": 0.08119795432025635
        },
        "within_module_z": {
          "mean": 8.564577618536922e-17,
          "std": 0.9999999999862276
        },
        "n_provincial_hubs": 0,
        "n_connector_hubs": 13,
        "hub_ratio": 0.18571428571428572
      },
      "Frontoparietal": {
        "degree_centrality": {
          "mean": 0.07586409939351116,
          "std": 0.06016871643346385
        },
        "betweenness_centrality": {
          "mean": 0.001082228721939455,
          "std": 0.0013193654230801257
        },
        "participation_coefficient": {
          "mean": 0.5981843875646565,
          "std": 0.23779919240677036
        },
        "within_module_z": {
          "mean": 1.2538989454590003e-16,
          "std": 0.9999999999929097
        },
        "n_provincial_hubs": 0,
        "n_connector_hubs": 35,
        "hub_ratio": 0.20588235294117646
      },
      "Default": {
        "degree_centrality": {
          "mean": 0.10913580246913583,
          "std": 0.06339505608663981
        },
        "betweenness_centrality": {
          "mean": 0.001208827016472109,
          "std": 0.0011871731397544107
        },
        "participation_coefficient": {
          "mean": 0.5482279956638659,
          "std": 0.1762813133832864
        },
        "within_module_z": {
          "mean": 3.848773152033876e-17,
          "std": 0.9999999999970256
        },
        "n_provincial_hubs": 0,
        "n_connector_hubs": 55,
        "hub_ratio": 0.18333333333333332
      }
    },
    "sub-02": {
      "Visual": {
        "degree_centrality": {
          "mean": 0.09465298631965299,
          "std": 0.043460007512147084
        },
        "betweenness_centrality": {
          "mean": 0.0008744092971795912,
          "std": 0.0013288361825137295
        },
        "participation_coefficient": {
          "mean": 0.6439132350109619,
          "std": 0.11560795902226496
        },
        "within_module_z": {
          "mean": 1.1102230246251566e-17,
          "std": 0.9999999999942909
        },
        "n_provincial_hubs": 0,
        "n_connector_hubs": 21,
        "hub_ratio": 0.175
      },
      "Somatomotor": {
        "degree_centrality": {
          "mean": 0.09797654797654798,
          "std": 0.05318650506146566
        },
        "betweenness_centrality": {
          "mean": 0.0011054633197385125,
          "std": 0.0012050867393607406
        },
        "participation_coefficient": {
          "mean": 0.6604407603527496,
          "std": 0.13753752011775258
        },
        "within_module_z": {
          "mean": 1.9032394707859825e-16,
          "std": 0.9999999999930372
        },
        "n_provincial_hubs": 0,
        "n_connector_hubs": 17,
        "hub_ratio": 0.12142857142857143
      },
      "DorsalAttention": {
        "degree_centrality": {
          "mean": 0.052642642642642644,
          "std": 0.034090542207053175
        },
        "betweenness_centrality": {
          "mean": 0.0009925004262190283,
          "std": 0.0012028083348152709
        },
        "participation_coefficient": {
          "mean": 0.5317600799584583,
          "std": 0.23912871895671836
        },
        "within_module_z": {
          "mean": 1.3322676295501878e-17,
          "std": 0.9999999999916286
        },
        "n_provincial_hubs": 2,
        "n_connector_hubs": 15,
        "hub_ratio": 0.17
      },
      "VentralAttention": {
        "degree_centrality": {
          "mean": 0.12167167167167166,
          "std": 0.05225098180929206
        },
        "betweenness_centrality": {
          "mean": 0.0011730539708605027,
          "std": 0.00116834109672766
        },
        "participation_coefficient": {
          "mean": 0.7355896321675235,
          "std": 0.05967446277152125
        },
        "within_module_z": {
          "mean": -8.881784197001253e-18,
          "std": 0.9999999999921276
        },
        "n_provincial_hubs": 0,
        "n_connector_hubs": 21,
        "hub_ratio": 0.21
      },
      "Limbic": {
        "degree_centrality": {
          "mean": 0.1168740168740169,
          "std": 0.06364721106082262
        },
        "betweenness_centrality": {
          "mean": 0.0018249688880637822,
          "std": 0.0017600708715631403
        },
        "participation_coefficient": {
          "mean": 0.740715136737109,
          "std": 0.07570229542273933
        },
        "within_module_z": {
          "mean": -1.2371056560108888e-16,
          "std": 0.9999999999916183
        },
        "n_provincial_hubs": 0,
        "n_connector_hubs": 14,
        "hub_ratio": 0.2
      },
      "Frontoparietal": {
        "degree_centrality": {
          "mean": 0.08504386739680858,
          "std": 0.06632645161638809
        },
        "betweenness_centrality": {
          "mean": 0.0012536120533724663,
          "std": 0.0014981215445410271
        },
        "participation_coefficient": {
          "mean": 0.6093683004544023,
          "std": 0.2087774920921124
        },
        "within_module_z": {
          "mean": -8.098097356089377e-17,
          "std": 0.9999999999936922
        },