{
  "network_summary": {
    "tds": {
      "Visual": {
        "mean": 0.8152628088467779,
        "std": 0.3872409920286644,
        "sem": 0.03535010442079629,
        "n_regions": 120,
        "min": 0.3771552569322666,
        "max": 2.045584220034867,
        "ci_95_low": 0.7837597151510766,
        "ci_95_high": 0.8484407302723312
      },
      "Somatomotor": {
        "mean": 0.8876131000738715,
        "std": 0.3634188607626089,
        "sem": 0.030714499642210923,
        "n_regions": 140,
        "min": 0.3722622487663245,
        "max": 2.006175307378266,
        "ci_95_low": 0.8504572500638772,
        "ci_95_high": 0.9267446303235787
      },
      "DorsalAttention": {
        "mean": 0.9314787628684936,
        "std": 0.26051620631055183,
        "sem": 0.026051620631055185,
        "n_regions": 100,
        "min": 0.47744672950645795,
        "max": 1.9182979754465117,
        "ci_95_low": 0.8892789349344966,
        "ci_95_high": 0.9754128769607747
      },
      "VentralAttention": {
        "mean": 0.6418841731013991,
        "std": 0.1576218791031305,
        "sem": 0.01576218791031305,
        "n_regions": 100,
        "min": 0.40411908974354105,
        "max": 1.2237330532741018,
        "ci_95_low": 0.6165655217575764,
        "ci_95_high": 0.6690494618771738
      },
      "Limbic": {
        "mean": 0.9491566528050547,
        "std": 0.43136320171360193,
        "sem": 0.051557763970217996,
        "n_regions": 70,
        "min": 0.43351082825369885,
        "max": 2.5163873114988693,
        "ci_95_low": 0.9065817558106214,
        "ci_95_high": 0.9937303863016244
      },
      "Frontoparietal": {
        "mean": 1.196979689379971,
        "std": 0.5915651988695366,
        "sem": 0.04537097961534666,
        "n_regions": 170,
        "min": 0.455650575915724,
        "max": 3.2133781521684712,
        "ci_95_low": 1.1468921638166947,
        "ci_95_high": 1.2505278900637435
      },
      "Default": {
        "mean": 0.7764429850732592,
        "std": 0.3801327063590392,
        "sem": 0.02194697203441722,
        "n_regions": 300,
        "min": 0.38795465856030725,
        "max": 2.8844268448621575,
        "ci_95_low": 0.7466625097205096,
        "ci_95_high": 0.8082973081607341
      }
    }
  },
  "cross_subject_variability": {
    "Visual": {
      "mean": 0.8152628088467779,
      "std": 0.07451457970051979,
      "values": [
        0.7630918479554218,
        0.9255895998727365,
        0.8392171013709261,
        0.7331526861880273
      ]
    },
    "Somatomotor": {
      "mean": 0.8876131000738715,
      "std": 0.10138294634832601,
      "values": [
        0.8010393105061511,
        0.9995000328915354,
        0.976887688687106,
        0.7730253682106936
      ]
    },
    "DorsalAttention": {
      "mean": 0.9314787628684936,
      "std": 0.18114563336319883,
      "values": [
        0.9206528652044174,
        1.1918436881910563,
        0.9336206440859321,
        0.679797853992569
      ]
    },
    "VentralAttention": {
      "mean": 0.6418841731013991,
      "std": 0.07302848276115206,
      "values": [
        0.5530541209498533,
        0.7033313257922422,
        0.7237342424153654,
        0.5874170032481352
      ]
    },
    "Limbic": {
      "mean": 0.9491566528050547,
      "std": 0.08885625093631806,
      "values": [
        0.9081263258764234,
        0.9992421698197266,
        1.0615664092490318,
        0.8276917062750369
      ]
    },
    "Frontoparietal": {
      "mean": 1.1969796893799711,
      "std": 0.0844859359938582,
      "values": [
        1.2558165583624727,
        1.2486559747854575,
        1.2320356230902487,
        1.051410601281706
      ]
    },
    "Default": {
      "mean": 0.7764429850732593,
      "std": 0.04440535402556771,
      "values": [
        0.7461336143850427,
        0.8480812774825323,
        0.7336132463168961,
        0.7779438021085656
      ]
    }
  },
  "sensitivity_analysis": {
    "cutoff_0.05": {
      "Visual": {
        "mean": 1.1696902979481796,
        "std": 0.6426457124870075
      },
      "Somatomotor": {
        "mean": 1.2404706431554944,
        "std": 0.5973196407090582
      },
      "DorsalAttention": {
        "mean": 1.4436212918568108,
        "std": 0.38515273552426216
      },
      "VentralAttention": {
        "mean": 0.9052399576770946,
        "std": 0.2175887040799968
      },
      "Limbic": {
        "mean": 1.5626696208837179,
        "std": 0.8892735658514913
      },
      "Frontoparietal": {
        "mean": 1.775450451961195,
        "std": 1.1727011245301981
      },
      "Default": {
        "mean": 1.1540311895960862,
        "std": 0.6734433081728518
      }
    },
    "cutoff_0.07": {
      "Visual": {
        "mean": 0.7274239674176216,
        "std": 0.45099990579919386
      },
      "Somatomotor": {
        "mean": 0.7784293698472657,
        "std": 0.40044214341540224
      },
      "DorsalAttention": {
        "mean": 0.946067052107818,
        "std": 0.27175218905494236
      },
      "VentralAttention": {
        "mean": 0.5640111736283078,
        "std": 0.16012626178600745
      },
      "Limbic": {
        "mean": 0.9912585724283522,
        "std": 0.5869702743598494
      },
      "Frontoparietal": {
        "mean": 1.1573509938990796,
        "std": 0.7672171436680953
      },
      "Default": {
        "mean": 0.7226803137786209,
        "std": 0.455869630996742
      }
    },
    "cutoff_0.09": {
      "Visual": {
        "mean": 0.4807296478648229,
        "std": 0.3132695279738679
      },
      "Somatomotor": {
        "mean": 0.513576696082008,
        "std": 0.2731562626552298
      },
      "DorsalAttention": {
        "mean": 0.6520068880970903,
        "std": 0.19239256909723232
      },
      "VentralAttention": {
        "mean": 0.37813775742746003,
        "std": 0.12061219044531267
      },
      "Limbic": {
        "mean": 0.6731264487117675,
        "std": 0.4084958947860897
      },
      "Frontoparietal": {
        "mean": 0.7902211898524026,
        "std": 0.5156731791934009
      },
      "Default": {
        "mean": 0.4889750848069302,
        "std": 0.3177284175629807
      }
    }
  },
  "metadata": {
    "timestamp": "2026-01-02T13:24:53.698176",
    "n_subjects": 4,
    "subjects": [
      "sub-01",
      "sub-02",
      "sub-03",
      "sub-05"
    ],
    "frequency_cutoff": 0.07,
    "tr": 1.49,
    "n_regions_analyzed": 1000
  }
}