{
  "network_summary": {
    "encoding": {
      "instant": {
        "Visual": {
          "mean": 0.047487333666250346,
          "std": 0.003615400457541773,
          "sem": 0.0018077002287708865,
          "ci_95_low": 0.04412879820166374,
          "ci_95_high": 0.05084586913083696,
          "n_subjects": 4
        },
        "Somatomotor": {
          "mean": 0.04821023521553539,
          "std": 0.00429347042403733,
          "sem": 0.002146735212018665,
          "ci_95_low": 0.04441021895858406,
          "ci_95_high": 0.052331523537112005,
          "n_subjects": 4
        },
        "DorsalAttention": {
          "mean": 0.04406901151771924,
          "std": 0.007780215504250696,
          "sem": 0.003890107752125348,
          "ci_95_low": 0.036854659676588825,
          "ci_95_high": 0.05128336335884966,
          "n_subjects": 4
        },
        "VentralAttention": {
          "mean": 0.05566802901749434,
          "std": 0.004242131244393851,
          "sem": 0.0021210656221969256,
          "ci_95_low": 0.051782696383941576,
          "ci_95_high": 0.0595533616510471,
          "n_subjects": 4
        },
        "Limbic": {
          "mean": 0.0424627302271399,
          "std": 0.005082325030450931,
          "sem": 0.0025411625152254656,
          "ci_95_low": 0.03773045256754026,
          "ci_95_high": 0.048133484441882736,
          "n_subjects": 4
        },
        "Frontoparietal": {
          "mean": 0.03708146030460666,
          "std": 0.006369842655281807,
          "sem": 0.0031849213276409034,
          "ci_95_low": 0.030179564439823812,
          "ci_95_high": 0.04195583446468783,
          "n_subjects": 4
        },
        "Default": {
          "mean": 0.04609338584504781,
          "std": 0.0017797197692002325,
          "sem": 0.0008898598846001163,
          "ci_95_low": 0.04469321468187149,
          "ci_95_high": 0.04798870001689923,
          "n_subjects": 4
        }
      },
      "short": {
        "Visual": {
          "mean": 0.048965936935088,
          "std": 0.0028500629695397094,
          "sem": 0.0014250314847698547,
          "ci_95_low": 0.0461953896595776,
          "ci_95_high": 0.05173648421059841,
          "n_subjects": 4
        },
        "Somatomotor": {
          "mean": 0.05053439309263828,
          "std": 0.004388807448172629,
          "sem": 0.0021944037240863145,
          "ci_95_low": 0.046705920284950665,
          "ci_95_high": 0.05477834187035308,
          "n_subjects": 4
        },
        "DorsalAttention": {
          "mean": 0.04590245718899338,
          "std": 0.007535397655816577,
          "sem": 0.0037676988279082887,
          "ci_95_low": 0.03884975631845995,
          "ci_95_high": 0.052955158059526816,
          "n_subjects": 4
        },
        "VentralAttention": {
          "mean": 0.05875189916114798,
          "std": 0.004207208049101722,
          "sem": 0.002103604024550861,
          "ci_95_low": 0.054863089998287665,
          "ci_95_high": 0.06264070832400828,
          "n_subjects": 4
        },
        "Limbic": {
          "mean": 0.04488586437889178,
          "std": 0.0047825032852576305,
          "sem": 0.0023912516426288152,
          "ci_95_low": 0.04100806603249759,
          "ci_95_high": 0.0506058127920309,
          "n_subjects": 4
        },
        "Frontoparietal": {
          "mean": 0.038659904797876406,
          "std": 0.006159884736209228,
          "sem": 0.003079942368104614,
          "ci_95_low": 0.03217146174891902,
          "ci_95_high": 0.043596215388939624,
          "n_subjects": 4
        },
        "Default": {
          "mean": 0.048273659029189196,
          "std": 0.0017865685807340697,
          "sem": 0.0008932842903670348,
          "ci_95_low": 0.04693724735859726,
          "ci_95_high": 0.05026075991910699,
          "n_subjects": 4
        }
      },
      "medium": {
        "Visual": {
          "mean": 0.040951164200566895,
          "std": 0.0012539212745680285,
          "sem": 0.0006269606372840143,
          "ci_95_low": 0.039665134002977574,
          "ci_95_high": 0.04214965531094883,
          "n_subjects": 4
        },
        "Somatomotor": {
          "mean": 0.044108705754049515,
          "std": 0.002817571617181565,
          "sem": 0.0014087858085907825,
          "ci_95_low": 0.04170584328297754,
          "ci_95_high": 0.04687713258641401,
          "n_subjects": 4
        },
        "DorsalAttention": {
          "mean": 0.04055345393357997,
          "std": 0.00527138611782339,
          "sem": 0.002635693058911695,
          "ci_95_low": 0.03572745483062359,
          "ci_95_high": 0.04537945303653636,
          "n_subjects": 4
        },
        "VentralAttention": {
          "mean": 0.05352055447344619,
          "std": 0.003012228630137026,
          "sem": 0.001506114315068513,
          "ci_95_low": 0.05095162902838961,
          "ci_95_high": 0.057072906041374036,
          "n_subjects": 4
        },
        "Limbic": {
          "mean": 0.041103723822562,
          "std": 0.004579090613499908,
          "sem": 0.002289545306749954,
          "ci_95_low": 0.03676218495315567,
          "ci_95_high": 0.04544526269196833,
          "n_subjects": 4
        },
        "Frontoparietal": {
          "mean": 0.03758926953030261,
          "std": 0.004417053861409701,
          "sem": 0.0022085269307048506,
          "ci_95_low": 0.032954040280130235,
          "ci_95_high": 0.041634471006360335,
          "n_subjects": 4
        },
        "Default": {
          "mean": 0.0446099724178625,
          "std": 0.0017045786901422222,
          "sem": 0.0008522893450711111,
          "ci_95_low": 0.04315692505998963,
          "ci_95_high": 0.04609080048852025,
          "n_subjects": 4
        }
      },
      "long": {
        "Visual": {
          "mean": 0.019390426153478812,
          "std": 0.0024235460570475953,
          "sem": 0.0012117730285237977,
          "ci_95_low": 0.016822747799722353,
          "ci_95_high": 0.021494692406128536,
          "n_subjects": 4
        },
        "Somatomotor": {
          "mean": 0.019344786495063337,
          "std": 0.002767787150027817,
          "sem": 0.0013838935750139084,
          "ci_95_low": 0.016433880266423975,
          "ci_95_high": 0.021645948002195974,
          "n_subjects": 4
        },
        "DorsalAttention": {
          "mean": 0.01771472682544166,
          "std": 0.00224470617436523,
          "sem": 0.001122353087182615,
          "ci_95_low": 0.01597861038522257,
          "ci_95_high": 0.02016508604868242,
          "n_subjects": 4
        },
        "VentralAttention": {
          "mean": 0.026351910303651797,
          "std": 0.004521931539884018,
          "sem": 0.002260965769942009,
          "ci_95_low": 0.022279496287572996,
          "ci_95_high": 0.030555201492907864,
          "n_subjects": 4
        },
        "Limbic": {
          "mean": 0.01880959959619256,
          "std": 0.0025261579999835007,
          "sem": 0.0012630789999917504,
          "ci_95_low": 0.01635642369592764,
          "ci_95_high": 0.02126277549645748,
          "n_subjects": 4
        },
        "Frontoparietal": {
          "mean": 0.022192595977871626,
          "std": 0.0017404422766946917,
          "sem": 0.0008702211383473459,
          "ci_95_low": 0.020490798481959907,
          "ci_95_high": 0.02389439347378335,
          "n_subjects": 4
        },
        "Default": {
          "mean": 0.02485283741321902,
          "std": 0.003814314360970947,
          "sem": 0.0019071571804854736,
          "ci_95_low": 0.022329040068197012,
          "ci_95_high": 0.029278977308505358,
          "n_subjects": 4
        }
      },
      "very_long": {
        "Visual": {
          "mean": 0.0,
          "std": 0.0,
          "sem": 0.0,
          "ci_95_low": 0.0,
          "ci_95_high": 0.0,
          "n_subjects": 0
        },
        "Somatomotor": {
          "mean": 0.0,
          "std": 0.0,
          "sem": 0.0,