{
  "average": {
    "network_dcs": {
      "Visual": {
        "mean": 0.5677625104254083,
        "std": 0.016583452899109192,
        "sem": 0.008291726449554596,
        "ci_95_low": 0.5594294974298335,
        "ci_95_high": 0.575475827353184,
        "n_subjects": 4
      },
      "Somatomotor": {
        "mean": 0.45210670572942363,
        "std": 0.09860284586641478,
        "sem": 0.04930142293320739,
        "ci_95_low": 0.4379270773492998,
        "ci_95_high": 0.4653687174636831,
        "n_subjects": 4
      },
      "DorsalAttention": {
        "mean": 0.51367511677821,
        "std": 0.053837189057829284,
        "sem": 0.026918594528914642,
        "ci_95_low": 0.5035876983002732,
        "ci_95_high": 0.523108507181296,
        "n_subjects": 4
      },
      "VentralAttention": {
        "mean": 0.5084222637812145,
        "std": 0.03755992816454839,
        "sem": 0.018779964082274194,
        "ci_95_low": 0.5004737301708657,
        "ci_95_high": 0.5169645170738697,
        "n_subjects": 4
      },
      "Limbic": {
        "mean": 0.4638531569816192,
        "std": 0.09411609181415269,
        "sem": 0.047058045907076344,
        "ci_95_low": 0.44821070866052837,
        "ci_95_high": 0.4794534302299418,
        "n_subjects": 4
      },
      "Frontoparietal": {
        "mean": 0.29673597241195065,
        "std": 0.17180237176993346,
        "sem": 0.08590118588496673,
        "ci_95_low": 0.27371960855776667,
        "ci_95_high": 0.3180390562577079,
        "n_subjects": 4
      },
      "Default": {
        "mean": 0.3835929963201572,
        "std": 0.10485268090621504,
        "sem": 0.05242634045310752,
        "ci_95_low": 0.36474625585917475,
        "ci_95_high": 0.40395182181663347,
        "n_subjects": 4
      }
    },
    "global_dcs": 0.45516410320399764
  },
  "cross_subject_variability": {
    "Visual": {
      "values": [
        0.5691230794273993,
        0.5404545220931918,
        0.5835497570564202,
        0.5779226831246218
      ],
      "range": 0.043095234963228424
    },
    "Somatomotor": {
      "values": [
        0.5795929119068837,
        0.35642282072885906,
        0.516754450848569,
        0.3556566394333826
      ],
      "range": 0.22393627247350106
    },
    "DorsalAttention": {
      "values": [
        0.5591027921032663,
        0.4238564628739145,
        0.5204202349013458,
        0.5513209772343134
      ],
      "range": 0.1352463292293518
    },
    "VentralAttention": {
      "values": [
        0.5545789929875693,
        0.49026867834336213,
        0.4570649127646371,
        0.5317764710292893
      ],
      "range": 0.09751408022293218
    },
    "Limbic": {
      "values": [
        0.511557076476168,
        0.3017988911125834,
        0.5343719629951011,
        0.5076846973426244
      ],
      "range": 0.23257307188251775
    },
    "Frontoparietal": {
      "values": [
        0.41317268779367405,
        0.1352364936281337,
        0.5160023320961361,
        0.12253237612985862
      ],
      "range": 0.3934699559662775
    },
    "Default": {
      "values": [
        0.42508667105451126,
        0.20876198237726268,
        0.487673611075773,
        0.41284972077308163
      ],
      "range": 0.2789116286985103
    }
  },
  "sensitivity_analysis": {
    "window_20": {
      "network_dcs": {
        "Visual": 0.44449506877681844,
        "Somatomotor": 0.2933266821786765,
        "DorsalAttention": 0.4526376448400651,
        "VentralAttention": 0.4566217395125174,
        "Limbic": 0.41966307861186747,
        "Frontoparietal": 0.29717894924638477,
        "Default": 0.3252831057299491
      },
      "n_windows": 13790,
      "window_seconds": 29.8
    },
    "window_30": {
      "network_dcs": {
        "Visual": 0.6490468268839038,
        "Somatomotor": 0.5984006082721582,
        "DorsalAttention": 0.5029773394482718,
        "VentralAttention": 0.5324516589094861,
        "Limbic": 0.4909265227762162,
        "Frontoparietal": 0.3493343222706605,
        "Default": 0.4817184729275603
      },
      "n_windows": 13789,
      "window_seconds": 44.7
    },
    "window_40": {
      "network_dcs": {
        "Visual": 0.614142378074312,
        "Somatomotor": 0.5136847575435762,
        "DorsalAttention": 0.6191328495577699,
        "VentralAttention": 0.5621114254337787,
        "Limbic": 0.5392366112050759,
        "Frontoparietal": 0.2535720255308166,
        "Default": 0.5282093398505441
      },
      "n_windows": 13788,
      "window_seconds": 59.6
    },
    "window_50": {
      "network_dcs": {
        "Visual": 0.6687264997943251,
        "Somatomotor": 0.5744643544353416,
        "DorsalAttention": 0.5734576469351076,
        "VentralAttention": 0.6332257885680574,
        "Limbic": 0.6234447734417808,
        "Frontoparietal": 0.5854488218456628,
        "Default": 0.6446655524666547
      },
      "n_windows": 13787,
      "window_seconds": 74.5
    }
  },
  "metadata": {
    "timestamp": "2026-01-04T08:22:56.248371",
    "n_subjects": 4,
    "subjects": [
      "sub-01",
      "sub-02",
      "sub-03",
      "sub-05"
    ],
    "window_size_trs": 30,
    "window_size_seconds": 44.7,
    "step_size_trs": 10
  }
}